Feature,Importance
ACAA1,0.0015983019424649554
ACAN,0.0015983019424649554
